SIREN,COMPANY_DOMAIN,result
484299854,3cdbagencement.fr,Nothing found
528215270,abak-ingenierie.com,Not found
329904254,abest.fr,Not found
509087672,aconstruct.fr,Not found
315814228,peintisol.net,Nothing found
809992415,agtherm.com,Not found
817759996,afeo.fr,Nothing found
333296580,agb-gle.com,Nothing found
453137010,ageo-construction.com,Nothing found
493591465,agi2d.fr,Nothing found
838801595,alcena.fr,Nothing found
377951157,alfacoustic.com,Nothing found
501355093,aen-energies.io,Nothing found
440284578,alphacontrole.com,Nothing found
450252630,altempo.com,Not found
383163318,alto-ingenierie.fr,Nothing found
304099732,amenagement77.fr,Nothing found
503934697,amoservices.pro,50393469700049
483321352,amocer-group.com,Nothing found
530914670,amodev.eu,Not found
850256363,ana-ingenierie.fr,Not found
552090896,antona-et-cofi.fr,Nothing found
408604841,entrepriseap2r.fr,Nothing found
430212357,aquadim.fr,Not found
304849094,arcora.com,Nothing found
61201083,ateliersperrault.com,Nothing found
533925517,atemco.fr,53392551700021
789729472,atixis.com,789729472
524203312,axiolis.com,Nothing found
750203879,axl-constructions.fr,Nothing found
830222840,axoe.fr,Nothing found
452232291,baniti.fr,Nothing found
384234886,barbanel.fr,Nothing found
444818504,batietanche.fr,Nothing found
439039348,sylvametal.com,Nothing found
702047812,becia.fr,702047812
450347828,bellegarde-ing.com,Nothing found
305206237,benedetti-sa.fr,Not found
971501671,berga.fr,Nothing found
452900764,betom-ingenierie.fr,Not found
478100563,bg-constructions.fr,Nothing found
791044795,bimingenierie.fr,Not found
324457266,bres-sa.fr,Nothing found
334982451,briand-sas.fr,Not found
722040078,ltdfluides.com,Nothing found
448834168,ceingenierie.fr,Nothing found
395014319,tramoy.fr,Nothing found
808702088,cairn-ingenierie.fr,Nothing found
425039161,capocci.fr,Nothing found
397606526,cdes.pro,Nothing found
510171267,cerazur.com,Not found
312908726,cet-ingenierie.fr,Nothing found
301981627,cetrac.fr,Not found
509576799,cf-services.com,Nothing found
328781869,sas-chapelec.com,Not found
383347184,chapescoutinho.fr,Nothing found
326422219,charpentier-sas.com,Nothing found
345260988,cide-elec.fr,345260988
602620304,citadis.fr,Nothing found
340725506,climascience.com,34072550600059
404964868,martelgroupe.fr,Not found
345046791,entreprise-club.fr,Nothing found
399998780,concept-resine.com,Nothing found
438638264,coredif.com,Not found
807390596,corelo.fr,Nothing found
388245896,cruard-charpente.com,Nothing found
985520055,dasse.com,Nothing found
387643125,demattec.fr,Nothing found
404490476,eiffage-demcy.com,Not found
538396359,bet-dexo.fr,Nothing found
602032922,duvaletmauler.fr,Not found
391129996,e2j.fr,Nothing found
817734072,ekkoplus.fr,Nothing found
487845208,elecsbe.com,Nothing found
582120481,eliez.fr,Nothing found
818187643,empeering.fr,Nothing found
535287759,emrbtp.fr,Nothing found
492628185,energelio.fr,Nothing found
521851493,energem-france.com,Nothing found
479737926,energys-sas.fr,Nothing found
517496840,mederreg.fr,Nothing found
692026826,roussiere.fr,Nothing found
438046385,essonne-tp.fr,Nothing found
424731248,etamine.coop,Not found
430474619,etancheitedunord.com,Nothing found
349584433,etirem.fr,Nothing found
410543813,prunevieille.fr,Nothing found
786350157,hanny.fr,Nothing found
751042607,etyo.com,Not found
390585586,euromib.fr,Nothing found
817808041,eurotechfloor.fr,Nothing found
849792833,exetanch.fr,Not found
428819106,faceagroup.com,Not found
424152528,feldisleviaux.fr,Nothing found
349961789,foret-ent.fr,34996178900030
492458542,franchiandco.com,Nothing found
380777896,gceb.info,Not found
400997474,genere.fr,Nothing found
491739678,geolia-conseil.com,Not found
491664868,gerelec.fr,Not found
479579716,coreal.pro,Nothing found
622033819,ett-sa.fr,Nothing found
812525491,gtaenergies.fr,Nothing found
629802778,hchevalier.com,Not found
413657164,harribeyconstructions.fr,Not found
409418985,herkrug.fr,Nothing found
950502807,hexa-ingenierie.com,Not found
788911097,i-plus-a.fr,Nothing found
522180512,icecs.fr,Nothing found
484688403,icofluides.fr,Nothing found
784564197,y-ingenierie.com,784564197
497524454,iliade-ingenierie.com,Not found
394538953,incet.fr,Not found
409588340,inex.fr,Not found
843349374,ingebime.fr,Nothing found
302277876,ingenierie84.fr,Nothing found
481080349,innovation-fluides.com,Not found
321782781,iph-bet.fr,Nothing found
792432700,isf-energies.com,Nothing found
328359542,isotop-etancheite.fr,Nothing found
348548686,jcpentreprise.com,Nothing found
523006583,jdcharpente.fr,Nothing found
819166406,jfeconcept.com,Not found
379277809,khephren.fr,Nothing found
786043547,lartetlebois.fr,Nothing found
533051447,latelierdesfluides.com,Nothing found
500196548,l2a-agencement.com,Nothing found
326102613,la-louisiane.fr,Nothing found
505306597,lamoureux-ricciotti.com,Nothing found
316464171,lebatimentassocie.fr,Not found
320182447,le-bras-freres.fr,Nothing found
801463944,lesagenceurs.fr,Not found
414588640,cdcsas.fr,Not found
321995243,lgx.fr,Nothing found
378778856,lizsol.fr,Nothing found
451847099,lte-construction.fr,Nothing found
353342736,m2esa.fr,Nothing found
508017340,mecobat.com,Nothing found
391985231,menuiserie-aluminium-willot-venette.fr,Nothing found
423836022,mgbr.fr,Nothing found
339706483,mbo77.fr,Nothing found
452622707,moduo.fr,81078405800010
350715215,montelec.fr,Nothing found
393727391,mpofenetres.com,Nothing found
317837391,modern-restauration-gestion.com,Nothing found
484856547,mvbatiment.fr,Nothing found
423277417,mv2acro.com,Nothing found
487481574,nrgys.fr,487481574
788417236,ovatis.fr,Nothing found
824547061,oxiumgroup.fr,Nothing found
789919529,ppe95.fr,Nothing found
340743632,pcamaisons.com,Nothing found
478691868,pian-entreprise.com,Nothing found
381666924,semplaine.fr,Nothing found
507387546,planet-energy-concept.com,Nothing found
415107705,plbenergieconseil.com,Nothing found
438181869,pouget-consultants.eu,Nothing found
386780118,poulingue.fr,Nothing found
342919677,prelem.com,Nothing found
434555256,groupe-prestibat.com,Not found
490390812,primiso.fr,49039081200025
403104995,progerep.fr,Nothing found
315873513,provencetp.fr,Nothing found
439334905,provence-vrd.com,Nothing found
793675075,qivy-habitat.fr,Not found
532708864,r3s-france.fr,Nothing found
385750161,ragoucy.fr,Nothing found
788503084,ratpmaintenanceservices.com,Not found
443316922,reaconcept.fr,Not found
832994354,realsol.fr,Nothing found
479807802,betrbs.fr,Not found
538362799,recipro-cite.com,Nothing found
431229491,renover.fr,431229491
539320622,rgbfrance.com,Nothing found
678501677,rhin-climatisation.fr,67850167700028
507385516,richezassocies.com,332429398
508823721,roc-confortation.fr,Nothing found
390555894,roissy-tp.fr,Nothing found
524799152,rolaix.com,Nothing found
408566701,r-o-m.fr,Nothing found
707280236,routesetchantiersmodernes.com,Nothing found
510411200,s2t.fr,510411200
341214971,sadev94.fr,Nothing found
413443052,santerne-idf.fr,Not found
528862733,santerne-tertiaire-sante.fr,Nothing found
808412548,sarmates.fr,Not found
408750834,eitb06.com,Nothing found
445304637,sbglutece.com,Nothing found
954200804,schneider-cie.fr,95420080400019
327697082,scyna4.fr,Not found
342925260,sedri.fr,Not found
321920563,seef.fr,Nothing found
702017724,semapa.fr,Not found
391764156,semofi-groupe.fr,Nothing found
513568394,senova.fr,Nothing found
834058133,sept-resine.com,Nothing found
478080054,sigma-ing.fr,Nothing found
502080104,sinteo.fr,Nothing found
390008902,socateb.com,Not found
823858899,sogeti-ingenierie.fr,Nothing found
403275795,solconseil.fr,Nothing found
444061766,sol-essais.fr,Nothing found
398964593,soleffi.fr,Nothing found
305544298,sos-murs-rideaux.com,Nothing found
325222651,sotrelec.fr,Nothing found
394044945,stpif.fr,Nothing found
434286951,studetech.fr,Nothing found
491456729,sudconstruction.com,Nothing found
333771236,sud-est-etancheite.fr,Nothing found
412234189,synacoustique.com,Nothing found
394366215,tbes.fr,Not found
431392109,tci-treuil.fr,Nothing found
351320650,telerep.fr,35132065000051
531276673,tempere-construction.fr,Nothing found
381855709,tem-france.fr,Nothing found
440306173,tribu-energie.fr,Nothing found
790554315,urbacite-amenagements.fr,Nothing found
407519370,uretek.fr,Not found
329152763,var-amenagement-developpement.fr,32915276300028
63802276,vivian.fr,Nothing found
324847003,vldparis.fr,Nothing found
342645504,wiame-vrd.com,Not found
414983916,zaniersa.fr,Nothing found
